sample,pop,QrZAG20,QrZAG20,QpZAG110,QpZAG110,QS00314,QS00314,QpZAG9,QpZAG9,QS01904,QS01904,QS03297,QS03297,MSQ4,MSQ4,QS00562,QS00562,QrZAG87,QrZAG87
IMLS1.2_MP1_IMLS001_A01,1,158,169,201,201,175,175,247,265,141,147,214,216,202,249,223,223,095,095
IMLS1.2_MP1_IMLS002_A02,1,161,161,201,207,175,210,247,253,137,141,214,214,197,247,223,225,095,095
IMLS1.2_MP1_IMLS003_A03,2,161,161,201,207,175,175,233,269,139,141,216,216,200,208,215,225,095,095
IMLS1.2_MP1_IMLS004_A04,2,161,161,201,201,175,178,243,245,137,141,214,214,197,200,223,223,095,095
IMLS1.2_MP1_IMLS021_B11,2,161,169,207,207,175,181,247,269,137,137,216,218,202,217,223,223,095,095
IMLS1.2_MP1_IMLS022_B12,2,161,161,207,207,172,178,249,269,137,141,216,216,204,217,223,223,095,095
IMLS1.2_MP1_IMLS023_C01,2,161,161,207,207,172,178,249,269,137,141,216,216,204,217,223,223,095,095
IMLS1.2_MP1_IMLS024_C02,2,158,161,201,201,175,175,235,245,137,137,214,214,197,197,223,223,095,095
IMLS1.2_MP1_IMLS025_C03,2,158,161,205,215,169,172,245,265,139,147,216,216,202,202,223,223,095,095
IMLS1.2_MP1_IMLS026_C04,2,161,169,205,207,175,178,000,000,000,000,214,216,212,212,223,225,095,095
IMLS1.2_MP1_IMLS027_C05,2,158,169,201,213,175,178,247,249,137,139,214,216,199,199,223,223,095,095
IMLS1.2_MP1_IMLS028_C06,2,158,169,201,213,175,178,247,249,137,139,214,216,199,199,223,223,095,095
IMLS1.2_MP1_IMLS029_C07,2,156,161,201,201,175,181,245,247,137,137,214,226,201,201,223,223,095,095
IMLS1.2_MP1_IMLS030_C08,2,161,161,201,205,172,175,247,265,137,139,216,230,202,246,223,223,095,095
IMLS1.2_MP1_IMLS031_C09,2,161,161,201,201,175,178,243,245,139,141,216,216,198,214,223,223,095,095
IMLS1.2_MP1_IMLS032_C10,2,161,173,201,205,175,175,245,257,141,141,216,216,198,207,223,223,095,095
IMLS1.2_MP1_IMLS005_A05,3,161,163,207,207,175,175,269,271,137,137,216,216,199,203,223,225,095,095
IMLS1.2_MP1_IMLS006_A06,3,164,167,201,201,175,175,235,265,137,137,216,216,212,232,223,223,095,095
IMLS1.2_MP1_IMLS033_C11,3,161,163,201,201,169,181,231,245,137,137,216,216,208,208,223,223,095,095
IMLS1.2_MP1_IMLS034_C12,3,161,161,201,207,175,175,249,253,137,139,214,226,198,218,223,223,095,095
IMLS1.2_MP1_IMLS035_D01,3,161,163,205,207,175,178,249,265,137,137,214,217,203,215,223,223,095,095
IMLS1.2_MP1_IMLS036_D02,3,156,161,201,207,175,178,000,000,137,137,216,216,201,203,223,225,095,095
IMLS1.2_MP1_IMLS037_D03,3,156,164,201,201,175,181,000,000,137,137,216,216,232,236,188,225,095,095
IMLS1.2_MP1_IMLS038_D04,3,161,161,207,207,175,175,235,253,137,137,000,000,197,214,223,223,095,095
IMLS1.2_MP1_IMLS039_D05,3,154,161,201,205,175,175,245,245,147,147,216,230,199,204,223,223,095,095
IMLS1.2_MP1_IMLS041_D07,3,158,158,201,201,175,181,245,245,141,147,214,214,197,203,225,225,095,095
IMLS1.2_MP1_IMLS042_D08,3,158,158,201,201,175,181,245,245,141,147,214,214,197,203,225,225,095,095
IMLS1.2_MP1_IMLS043_D09,3,161,164,201,205,175,178,000,000,137,141,216,216,210,232,223,225,095,095
IMLS1.2_MP1_IMLS044_D10,3,161,164,201,205,175,178,000,000,137,141,216,216,210,232,223,225,095,095
IMLS1.2_MP1_IMLS045_D11,3,161,161,201,207,169,184,235,249,137,141,214,216,197,212,223,223,095,095
IMLS1.2_MP1_IMLS046_D12,3,161,161,201,201,175,175,253,263,137,137,216,216,206,227,223,227,095,095
IMLS1.2_MP1_IMLS047_E01,3,161,169,201,205,178,210,251,269,141,147,214,216,199,207,223,223,095,095
IMLS1.2_MP1_IMLS048_E02,3,161,163,201,205,175,181,263,263,139,155,214,217,000,000,223,223,095,095
IMLS1.2_MP1_IMLS007_B01,4,158,161,201,207,178,184,000,000,137,137,216,216,195,197,223,223,095,095
IMLS1.2_MP1_IMLS008_B02,4,161,164,203,207,178,178,251,251,137,137,216,230,197,199,223,223,095,095
IMLS1.2_MP1_IMLS049_E03,4,156,161,201,207,178,178,249,271,137,137,000,000,208,214,223,223,095,095
IMLS1.2_MP1_IMLS050_E04,4,161,167,201,203,175,178,245,249,141,141,214,216,214,220,223,223,095,095
IMLS1.2_MP1_IMLS051_E05,4,161,173,201,207,175,175,251,259,137,139,214,214,195,195,225,225,095,095
IMLS1.2_MP1_IMLS052_E06,4,161,169,201,205,175,178,269,271,139,141,214,216,202,202,223,225,095,095
IMLS1.2_MP1_IMLS053_E07,4,158,161,207,207,175,210,000,000 141,147,216,216,212,228,223,225,095,095
IMLS1.2_MP1_IMLS054_E08,4,161,161,207,209,181,210,247,247,139,141,214,216,202,202,223,225,095,095
IMLS1.2_MP1_IMLS055_E09,4,158,161,201,201,175,175,247,253,139,147,214,216,199,228,223,223,095,095
IMLS1.2_MP1_IMLS056_E10,4,161,169,201,209,181,210,247,247,139,145,214,214,200,230,223,223,095,095
IMLS1.2_MP1_IMLS057_E11,4,158,161,203,207,175,210,245,247,141,147,214,216,202,228,223,223,095,095
IMLS1.2_MP1_IMLS058_E12,4,161,161,201,203,175,181,231,247,137,141,000,000,210,214,000,000,095,095
IMLS1.2_MP1_IMLS059_F01,4,158,161,201,203,178,184,259,269,137,137,216,216,197,228,223,225,095,095
IMLS1.2_MP1_IMLS060_F02,4,158,158,201,203,184,210,247,247,137,137,214,216,228,228,223,223,095,095
IMLS1.2_MP1_IMLS061_F03,4,158,161,201,203,178,210,000,000,137,137,214,214,210,228,223,225,095,095
IMLS1.2_MP1_IMLS062_F04,4,158,175,201,207,178,181,257,269,137,137,214,218,195,220,223,223,095,095
IMLS1.2_MP1_IMLS063_F05,4,158,161,201,203,169,175,247,257,137,141,216,216,206,206,223,223,095,095
IMLS1.2_MP1_IMLS064_F06,4,161,161,201,203,169,175,247,247,137,137,216,216,202,210,223,225,095,095
IMLS1.2_MP1_IMLS065_F07,4,161,161,201,203,169,175,247,247,137,141,216,216,202,206,223,225,095,095
IMLS1.2_MP1_IMLS066_F08,4,158,161,201,203,175,175,247,257,137,141,216,216,206,210,223,223,095,095
IMLS1.2_MP1_IMLS067_F09,4,158,161,201,201,169,175,257,257,137,137,214,216,206,210,223,225,095,095
IMLS1.2_MP1_IMLS068_F10,4,163,164,201,203,175,175,235,263,139,139,214,216,208,211,223,223,095,095
IMLS1.2_MP1_IMLS009_B03,5,161,161,201,201,172,178,231,247,137,141,214,214,202,202,223,223,095,095
IMLS1.2_MP1_IMLS010_B04,5,161,164,205,207,172,178,249,249,139,141,214,214,196,232,223,225,095,097
IMLS1.2_MP1_IMLS069_F11,5,161,164,203,205,172,175,247,269,141,141,000,000,206,232,223,223,095,097
IMLS1.2_MP1_IMLS070_F12,5,161,161,201,201,178,184,269,269,141,143,214,216,206,206,225,225,095,095
IMLS1.2_MP1_IMLS131_G01,5,161,161,000,000,178,184,269,269,141,143,214,216,206,206,000,000,095,095
IMLS1.2_MP1_IMLS132_G02,5,161,164,201,205,178,184,231,247,139,149,214,214,202,202,223,223,095,095
IMLS1.2_MP1_IMLS133_G03,5,161,161,201,205,175,175,231,247,137,141,214,216,202,232,223,223,095,095
IMLS1.2_MP1_IMLS134_G04,5,161,161,201,205,175,175,231,247,137,141,214,216,202,232,223,223,095,095
IMLS1.2_MP1_IMLS135_G05,5,161,164,205,207,172,175,247,249,141,149,216,216,202,206,223,223,095,095
IMLS1.2_MP1_IMLS136_G06,5,161,164,205,207,172,175,249,269,139,141,230,230,196,200,223,223,095,095
IMLS1.2_MP1_IMLS137_G07,5,161,161,201,201,175,178,231,247,137,141,230,230,202,217,223,223,095,097
IMLS1.2_MP1_IMLS138_G08,5,164,164,201,203,172,172,247,269,139,141,000,000,232,232,223,223,095,097
IMLS1.2_MP1_IMLS011_A07,6_8_9,161,163,207,207,175,178,233,233,137,137,214,214,204,214,223,225,095,095
IMLS1.2_MP1_IMLS012_A08,6_8_9,158,167,205,207,175,175,247,257,139,141,214,215,204,204,223,223,095,095
IMLS1.2_MP1_IMLS139_G09,6_8_9,158,161,201,217,178,181,251,269,139,139,214,216,202,234,225,225,095,095
IMLS1.2_MP1_IMLS140_G10,6_8_9,158,161,201,207,175,175,235,269,137,149,216,216,201,201,223,225,095,095
IMLS1.2_MP1_IMLS141_G11,6_8_9,161,185,201,205,175,175,251,265,137,141,228,228,201,202,223,223,095,095
IMLS1.2_MP1_IMLS142_G12,6_8_9,161,185,201,205,175,175,251,265,137,141,228,228,201,202,223,223,095,095
IMLS1.2_MP1_IMLS143_H01,6_8_9,164,173,000,000,181,181,253,265,137,137,226,226,202,220,223,223,095,095
IMLS1.2_MP1_IMLS144_H02,6_8_9,161,169,000,000,178,178,243,269,137,137,216,216,201,234,223,223,095,095
IMLS1.2_MP1_IMLS145_H03,6_8_9,161,161,205,207,175,178,243,253,139,139,216,216,200,212,223,223,095,095
IMLS1.2_MP1_IMLS146_H04,6_8_9,161,169,205,213,175,175,253,269,137,139,214,228,202,202,000,000,095,095
IMLS1.2_MP1_IMLS147_H05,6_8_9,161,169,205,213,175,175,253,269,137,139,214,228,202,202,000,000,095,095
IMLS1.2_MP1_IMLS148_H06,6_8_9,161,167,201,201,169,175,245,257,137,137,216,216,211,211,223,223,095,095
IMLS1.2_MP1_IMLS149_H07,6_8_9,161,171,203,207,175,178,243,249,141,141,214,216,199,199,223,225,095,095
IMLS1.2_MP1_IMLS150_H08,6_8_9,161,167,201,213,175,178,251,255,137,147,215,215,212,212,225,225,095,095
IMLS1.2_MP1_IMLS151_H09,6_8_9,161,161,205,207,175,175,247,253,139,141,214,214,201,211,000,000,095,095
IMLS1.2_MP1_IMLS152_H10,6_8_9,156,177,201,201,175,178,269,269,141,141,214,216,199,214,225,225,095,095
IMLS2.2_MP1_IMLS153_B01,6_8_9,156,161,201,207,178,181,245,245,137,137,206,214,209,211,223,225,095,095
IMLS2.2_MP1_IMLS154_B02,6_8_9,156,164,201,201,181,181,247,263,137,137,214,216,198,205,223,223,095,095
IMLS2.2_MP1_IMLS155_B03,6_8_9,161,169,201,207,175,175,269,269,137,137,214,214,198,217,223,223,095,095
IMLS2.2_MP1_IMLS156_B04,6_8_9,161,161,201,205,175,175,253,265,137,139,214,214,198,200,223,223,095,095
IMLS2.2_MP1_IMLS157_B05,6_8_9,161,161,201,205,175,175,253,265,137,139,214,214,198,200,223,223,095,095
IMLS2.2_MP1_IMLS158_B06,6_8_9,161,169,201,207,175,175,269,269,137,137,214,214,198,217,223,223,095,095
IMLS2.2_MP1_IMLS159_B07,6_8_9,173,175,201,207,175,175,235,257,137,141,214,216,000,000,215,223,095,095
IMLS2.2_MP1_IMLS160_B08,6_8_9,161,163,201,201,178,181,235,245,137,141,216,216,200,214,223,223,095,095
IMLS2.2_MP1_IMLS161_B09,6_8_9,156,161,201,201,175,175,253,263,137,141,216,216,216,218,223,227,095,095
IMLS2.2_MP1_IMLS162_B10,6_8_9,158,161,207,217,175,181,253,265,137,137,216,216,204,206,223,223,095,095
IMLS2.2_MP1_IMLS163_B11,6_8_9,171,171,201,201,175,175,247,269,139,139,216,216,198,204,215,215,095,097
IMLS2.2_MP1_IMLS164_B12,6_8_9,161,161,203,207,178,181,253,253,141,141,216,216,203,208,223,223,095,095
IMLS2.2_MP1_IMLS165_C01,6_8_9,161,169,201,207,178,178,269,269,137,137,214,216,206,218,000,000,095,095
IMLS2.2_MP1_IMLS166_C02,6_8_9,161,175,207,217,175,181,251,265,137,137,216,216,198,219,223,223,095,095
IMLS2.2_MP1_IMLS167_C03,6_8_9,161,175,207,217,175,181,251,265,137,137,216,216,198,219,223,223,095,095
IMLS2.2_MP1_IMLS168_C04,6_8_9,156,161,207,207,175,184,245,245,137,141,216,216,206,212,188,188,095,095
IMLS2.2_MP1_IMLS169_C05,6_8_9,156,161,207,207,175,184,245,245,137,141,216,216,206,212,188,188,095,095
IMLS2.2_MP1_IMLS170_C06,6_8_9,158,161,205,215,175,181,247,247,137,141,216,217,202,206,223,223,095,095
IMLS2.2_MP1_IMLS171_C07,6_8_9,163,171,207,207,175,175,251,271,137,139,214,216,000,000,215,215,095,095
IMLS2.2_MP1_IMLS172_C08,6_8_9,161,171,207,207,175,175,271,271,137,139,216,216,197,230,223,223,095,095
IMLS2.2_MP1_IMLS173_C09,6_8_9,161,163,205,215,175,181,000,000,141,141,214,216,204,206,225,225,095,095
IMLS2.2_MP1_IMLS174_C10,6_8_9,161,161,205,215,175,181,245,265,137,141,215,215,202,202,223,223,095,095
IMLS2.2_MP1_IMLS175_C11,6_8_9,158,161,205,207,175,178,253,271,137,138,226,226,198,216,223,225,095,095
IMLS2.2_MP1_IMLS176_C12,6_8_9,161,161,201,205,175,175,265,269,137,139,000,000,197,218,223,223,095,095
IMLS2.2_MP1_IMLS177_D01,6_8_9,161,161,201,205,176,176,265,269,137,139,000,000,197,218,223,223,095,095
IMLS2.2_MP1_IMLS178_D02,6_8_9,158,167,205,207,175,175,247,257,139,141,000,000,204,204,223,223,095,095
IMLS2.2_MP1_IMLS179_D03,6_8_9,156,161,201,207,178,178,000,000,139,147,214,216,204,216,223,225,095,095
IMLS2.2_MP1_IMLS180_D04,6_8_9,158,161,207,207,178,178,247,265,138,139,214,230,201,204,223,223,095,095
IMLS1.2_MP1_IMLS015_B05,6_8_9,161,167,201,207,175,175,243,247,137,139,216,216,199,244,223,223,095,095
IMLS1.2_MP1_IMLS016_B06,6_8_9,156,161,207,207,175,175,269,271,139,139,214,214,204,214,223,225,095,095
IMLS3_MP1_IMLS245_B04,6_8_9,175,175,205,207,175,175,247,269,139,141,216,216,206,208,000,000,095,095
IMLS3_MP1_IMLS246_B05,6_8_9,175,175,205,207,175,175,247,269,139,141,216,216,206,208,000,000,095,095
IMLS3_MP1_IMLS247_B06,6_8_9,161,169,201,201,175,181,245,249,137,141,214,216,197,199,223,223,095,095
IMLS3_MP1_IMLS248_B07,6_8_9,156,161,201,207,175,181,253,253,000,000,000,000,000,000,223,223,095,095
IMLS3_MP1_IMLS249_B08,6_8_9,161,169,201,207,181,181,247,249,137,139,216,230,197,197,223,223,095,095
IMLS3_MP1_IMLS250_B09,6_8_9,163,169,201,213,166,175,247,255,137,137,218,218,198,198,224,224,095,095
IMLS3_MP1_IMLS251_B10,6_8_9,161,175,207,207,175,178,249,271,137,141,214,214,197,214,223,223,095,095
IMLS3_MP1_IMLS252_B11,6_8_9,161,175,199,203,178,181,247,264,137,141,214,214,196,209,215,223,095,095
IMLS3_MP1_IMLS253_B12,6_8_9,161,175,201,203,175,181,247,249,137,139,214,216,204,209,223,223,095,095
IMLS3_MP1_IMLS254_C01,6_8_9,161,161,201,207,181,181,231,245,137,141,215,215,202,209,223,223,093,095
IMLS3_MP1_IMLS255_C02,6_8_9,156,161,201,207,175,178,251,269,137,139,214,216,201,202,223,225,095,095
IMLS3_MP1_IMLS256_C03,6_8_9,161,161,205,207,175,175,230,249,137,137,216,228,204,209,215,223,095,095
IMLS3_MP1_IMLS257_C04,6_8_9,161,175,205,207,175,175,269,273,137,139,214,226,195,216,223,223,095,095
IMLS3_MP1_IMLS259_C06,6_8_9,161,161,201,213,166,175,253,265,137,149,214,214,199,212,223,223,095,095
IMLS3_MP1_IMLS261_C08,6_8_9,161,161,201,201,178,181,245,245,141,143,214,214,200,212,188,188,095,095
IMLS3_MP1_IMLS263_C10,6_8_9,161,161,205,217,175,184,247,249,137,141,000,000,200,200,223,223,095,095
IMLS3_MP1_IMLS265_C12,6_8_9,161,161,201,207,178,178,247,265,139,143,218,226,202,226,223,223,095,095
IMLS3_MP1_IMLS267_D02,6_8_9,156,161,207,207,175,178,245,247,137,143,218,226,210,226,188,188,095,095
IMLS3_MP1_IMLS268_D03,6_8_9,161,171,207,213,172,175,243,265,137,147,226,226,199,215,223,223,095,095
IMLS3_MP1_IMLS269_D04,6_8_9,161,161,201,207,169,175,253,265,139,156,214,216,206,214,223,223,095,095
IMLS3_MP1_IMLS270_D05,6_8_9,161,163,205,207,172,175,255,255,137,139,218,226,200,200,224,224,095,095
IMLS3_MP1_IMLS271_D06,6_8_9,161,161,201,207,175,178,000,000,137,139,216,218,200,218,223,225,095,095
IMLS3_MP1_IMLS272_D08,6_8_9,158,161,201,207,169,175,243,269,137,137,000,000,204,213,223,223,095,095
IMLS3_MP1_IMLS273_D09,6_8_9,158,161,207,213,175,175,243,257,137,137,214,214,196,228,223,223,095,095
IMLS3_MP1_IMLS274_D10,6_8_9,163,175,201,207,178,178,247,249,137,139,214,214,202,205,223,223,095,095
IMLS3_MP1_IMLS275_D11,6_8_9,161,161,201,201,175,181,249,261,139,149,214,217,207,207,223,223,095,095
IMLS3_MP1_IMLS276_D12,6_8_9,169,175,205,207,175,178,269,271,137,137,214,216,200,204,225,225,095,095
IMLS3_MP1_IMLS277_E01,6_8_9,161,175,207,207,175,178,247,247,137,137,214,214,199,204,223,223,095,095
IMLS1.2_MP1_IMLS017_B07,6_8_9,161,173,201,201,175,178,245,257,000,000,206,216,204,207,000,000,095,095
IMLS1.2_MP1_IMLS018_B08,6_8_9,169,173,201,201,178,181,245,245,137,151,214,216,197,197,223,223,095,095
IMLS3_MP1_IMLS258_C05,6_8_9,161,169,201,205,175,181,247,269,137,137,214,214,201,216,000,000,095,095
IMLS3_MP1_IMLS260_C07,6_8_9,161,167,201,207,173,178,245,245,137,149,214,214,207,207,223,223,095,095
IMLS3_MP1_IMLS262_C09,6_8_9,161,163,201,213,172,175,249,265,137,137,000,000,199,199,223,223,095,095
IMLS3_MP1_IMLS264_C11,6_8_9,156,161,201,217,175,175,255,265,137,141,000,000,199,199,224,224,095,095
IMLS3_MP1_IMLS278_E02,6_8_9,163,167,199,201,175,178,245,247,141,141,216,216,197,197,223,223,095,095
IMLS3_MP1_IMLS279_E03,6_8_9,156,161,205,207,175,178,247,271,137,137,206,214,197,207,223,223,095,095
IMLS3_MP1_IMLS280_E04,6_8_9,161,169,201,201,178,181,245,247,137,137,216,216,204,211,223,223,095,095
IMLS1.2_MP1_IMLS013_A09,7,161,173,201,203,169,175,235,235,141,141,214,224,204,209,223,225,095,095
IMLS1.2_MP1_IMLS014_A10,7,161,163,201,203,172,210,253,253,137,137,216,216,200,234,225,225,095,095
IMLS2.2_MP1_IMLS181_D05,7,161,161,201,201,175,178,247,247,137,137,214,214,202,206,223,223,095,095
IMLS2.2_MP1_IMLS182_B02,7,169,169,201,205,172,178,235,235,137,141,214,216,000,000,223,225,095,095
IMLS2.2_MP1_IMLS183_D07,7,161,161,201,201,175,210,251,251,137,137,000,000,210,210,223,223,095,095
IMLS2.2_MP1_IMLS184_D08,7,158,161,201,207,172,175,253,253,137,147,214,216,202,202,223,223,095,095
IMLS2.2_MP1_IMLS185_D09,7,163,169,201,201,172,175,247,247,139,141,216,216,198,214,223,223,095,095
IMLS2.2_MP1_IMLS186_D10,7,161,161,201,207,172,175,243,253,137,137,214,216,202,210,223,223,095,095
IMLS2.2_MP1_IMLS187_D11,7,158,161,201,201,172,175,243,243,139,141,216,216,206,214,223,223,095,095
IMLS2.2_MP1_IMLS188_D12,7,158,161,201,203,169,178,245,245,147,147,214,214,210,212,188,225,095,095
IMLS2.2_MP1_IMLS189_E01,7,158,161,201,203,169,178,000,000,139,149,216,216,199,206,225,225,095,095
IMLS2.2_MP1_IMLS190_E02,7,161,161,201,205,172,175,235,237,137,141,214,216,210,212,223,223,095,095
IMLS2.2_MP1_IMLS191_E03,7,158,161,201,201,175,175,245,253,141,147,230,230,200,234,188,188,095,095
IMLS2.2_MP1_IMLS192_E04,7,158,161,201,209,169,175,000,000,137,139,216,216,216,242,223,225,095,095
IMLS2.2_MP1_IMLS193_E05,7,158,169,201,201,169,175,000,000,141,141,216,216,204,214,223,223,095,095
IMLS2.2_MP1_IMLS194_E06,7,158,161,201,203,175,210,235,235,141,141,214,216,212,238,223,225,095,095
IMLS2.2_MP1_IMLS195_E07,7,161,163,203,203,172,178,235,235,139,141,216,216,197,214,223,225,095,095
IMLS2.2_MP1_IMLS196_E08,7,158,161,201,207,169,172,235,245,137,141,214,216,232,232,188,223,095,095
IMLS2.2_MP1_IMLS197_E09,7,158,161,201,201,175,178,247,251,141,141,216,216,214,214,225,225,095,097
IMLS2.2_MP1_IMLS198_E10,7,161,164,201,203,175,178,243,247,137,137,216,216,204,204,223,225,095,095
IMLS2.2_MP1_IMLS199_E11,7,161,161,201,203,175,178,257,257,137,141,214,216,202,216,223,225,095,095
IMLS2.2_MP1_IMLS200_E12,7,161,163,201,207,172,175,235,235,141,141,214,216,212,216,223,223,095,095
IMLS2.2_MP1_IMLS201_F01,7,158,161,201,201,169,175,243,245,137,141,214,216,199,211,223,223,095,095
IMLS2.2_MP1_IMLS202_F02,7,161,161,201,203,175,178,247,247,141,147,214,216,199,216,223,223,095,095
IMLS2.2_MP1_IMLS209_F03,7,158,161,000,000,175,210,245,245,137,141,216,216,202,209,225,225,095,095
IMLS2.2_MP1_IMLS210_F04,7,158,158,000,000,169,175,245,245,137,141,214,214,212,212,223,225,095,095
IMLS2.2_MP1_IMLS211_F05,7,161,169,201,201,172,210,245,253,137,147,216,216,199,204,223,225,095,095
IMLS2.2_MP1_IMLS212_F06,7,161,173,201,203,175,175,245,245,141,141,214,216,210,210,188,223,095,095
IMLS2.2_MP1_IMLS213_F07,7,158,161,201,201,169,172,245,245,137,137,000,000,212,212,188,188,095,095
IMLS2.2_MP1_IMLS214_F08,7,156,161,201,203,172,178,235,247,137,137,216,216,202,202,223,223,095,095
IMLS2.2_MP1_IMLS215_F09,7,161,173,199,203,175,210,000,000,137,141,214,216,204,210,223,223,095,095
IMLS2.2_MP1_IMLS216_F10,7,171,173,201,207,172,178,235,247,137,141,214,216,199,210,223,223,095,095
IMLS2.2_MP1_IMLS217_F11,7,158,173,199,209,169,178,235,235,137,147,216,216,207,214,223,225,095,095
IMLS2.2_MP1_IMLS218_F12,7,167,173,201,209,172,175,253,253,141,141,214,216,202,202,223,223,095,095
IMLS2.2_MP1_IMLS219_G01,7,158,161,000,000,169,178,000,000,141,159,214,230,197,214,223,225,095,095
IMLS2.2_MP1_IMLS220_G02,7,158,167,000,000,172,175,253,265,137,141,214,214,202,202,223,223,095,095
IMLS2.2_MP1_IMLS221_G03,7,161,173,201,205,175,175,253,253,137,141,216,216,200,214,223,223,095,095
IMLS2.2_MP1_IMLS222_G04,7,158,158,201,205,178,178,000,000,141,159,216,230,214,214,223,225,095,095
IMLS2.2_MP1_IMLS223_G05,7,158,173,201,201,172,178,231,263,137,137,214,214,202,214,225,225,095,095
IMLS2.2_MP1_IMLS224_G06,7,158,161,201,203,169,175,251,251,137,147,214,230,202,214,223,223,095,095
IMLS2.2_MP1_IMLS225_G07,7,158,161,201,201,172,175,235,235,147,147,214,216,206,210,223,223,095,095
IMLS2.2_MP1_IMLS226_G08,7,158,161,199,205,175,178,235,245,137,141,214,216,199,210,223,225,095,095
IMLS2.2_MP1_IMLS227_G09,7,158,161,201,209,172,175,245,245,137,147,224,224,210,234,188,225,095,095
IMLS2.2_MP1_IMLS228_G10,7,161,173,203,207,172,175,243,253,139,141,214,216,000,000,223,223,095,095
IMLS2.2_MP1_IMLS229_G11,7,161,169,203,205,172,175,247,267,137,137,214,214,200,257,223,225,095,095
IMLS2.2_MP1_IMLS230_G12,7,161,161,201,201,175,181,247,247,137,149,214,214,214,214,225,225,095,095
IMLS2.2_MP1_IMLS231_H01,7,161,161,201,203,175,178,235,243,137,141,214,214,204,206,217,223,095,095
IMLS2.2_MP1_IMLS232_H02,7,158,161,201,207,175,178,235,245,137,147,216,240,204,214,215,223,095,095
IMLS2.2_MP1_IMLS233_H03,7,161,161,201,203,172,175,000,000,137,141,214,214,204,216,225,225,095,095
IMLS2.2_MP1_IMLS234_H04,7,158,158,201,201,172,175,243,247,141,147,214,216,210,214,223,223,095,095
IMLS2.2_MP1_IMLS235_H05,7,161,161,201,201,175,175,235,235,137,141,214,216,199,206,217,225,095,095
IMLS2.2_MP1_IMLS236_H06,7,169,173,201,203,172,175,247,247,137,137,214,216,199,204,223,223,095,095
IMLS2.2_MP1_IMLS237_H07,7,158,161,201,207,175,184,243,257,141,141,214,217,210,214,223,223,095,095
IMLS2.2_MP1_IMLS238_H08,7,158,161,201,207,172,175,245,245,141,141,214,214,199,199,188,225,095,095
IMLS2.2_MP1_IMLS239_H09,7,161,161,203,207,172,172,245,245,137,141,214,214,199,199,188,225,095,097
IMLS2.2_MP1_IMLS240_H10,7,158,161,201,203,169,178,235,245,137,139,214,216,207,209,000,000,000,000
IMLS2.2_MP1_IMLS241_B03,7,161,173,201,201,172,184,245,245,141,147,214,216,199,207,223,225,095,095
IMLS3_MP1_IMLS242_B01,7,158,161,203,203,172,178,247,247,137,139,216,240,202,204,223,223,095,095
IMLS3_MP1_IMLS243_B02,7,158,173,201,203,175,175,245,245,149,149,214,214,199,214,188,225,095,095
IMLS3_MP1_IMLS244_B03,7,161,171,201,203,172,175,245,251,137,137,214,216,210,214,188,223,095,095
IMLS1.2_MP1_IMLS019_B09,10,156,161,215,219,175,184,249,269,141,141,214,214,201,204,223,225,095,095
IMLS1.2_MP1_IMLS020_B10,10,161,171,201,201,175,181,243,253,139,141,214,214,199,210,223,223,095,095
IMLS3_MP1_IMLS266_D01,10,161,163,201,217,176,176,255,255,000,000,216,216,199,199,000,000,000,000
IMLS3_MP1_IMLS281_E05,10,163,164,201,201,175,178,245,257,137,141,214,245,203,211,223,223,095,095
IMLS3_MP1_IMLS282_E06,10,161,164,201,201,178,181,245,265,137,139,216,245,211,214,223,223,095,095
IMLS3_MP1_IMLS283_E07,10,161,161,207,219,175,175,253,269,137,137,214,214,200,207,223,225,095,095
IMLS3_MP1_IMLS284_E08,10,161,173,201,201,175,175,249,251,137,137,214,214,204,236,223,223,095,095
IMLS3_MP1_IMLS285_E09,10,161,164,201,205,175,178,249,251,137,139,214,214,000,000,000,000,095,095
IMLS3_MP1_IMLS286_E10,10,161,161,201,209,172,172,247,263,141,141,000,000,200,215,223,227,095,095
IMLS3_MP1_IMLS287_E11,10,161,173,201,209,172,172,245,263,137,141,214,215,209,215,190,227,095,095
IMLS3_MP1_IMLS288_E12,10,158,161,201,201,175,178,253,265,137,137,214,214,196,213,223,223,095,095
IMLS3_MP1_IMLS289_F01,10,161,161,201,205,172,178,235,247,137,137,214,230,213,215,215,223,095,095
IMLS3_MP1_IMLS290_F02,10,161,161,201,207,172,175,247,263,137,141,214,230,200,216,223,227,095,095
IMLS3_MP1_IMLS291_F03,10,161,161,205,219,169,178,245,247,139,141,214,216,207,215,223,223,095,095
IMLS3_MP1_IMLS292_F04,10,161,167,209,209,172,172,245,263,137,141,216,224,208,215,190,227,095,095
IMLS3_MP1_IMLS293_F05,10,161,167,203,207,172,175,263,269,137,141,224,224,204,208,227,227,095,095
IMLS3_MP1_IMLS294_F06,10,161,161,209,209,172,172,245,263,137,141,000,000,200,209,190,227,095,095
IMLS3_MP1_IMLS295_F07,10,156,163,201,205,177,178,247,253,137,139,216,240,209,220,223,223,095,095
IMLS3_MP1_IMLS296_F08,10,161,163,207,219,175,184,245,257,137,137,214,214,201,206,223,223,095,095
IMLS3_MP1_IMLS297_F09,10,161,177,201,205,175,181,247,263,137,141,000,000,000,000,000,000,095,095
IMLS3_MP1_IMLS298_F10,10,156,163,201,203,175,181,249,269,137,141,214,214,000,000,223,223,095,095
IMLS3_MP1_IMLS299_F11,10,161,169,199,219,175,175,245,269,137,137,214,214,201,208,223,223,095,095
IMLS3_MP1_IMLS300_F12,10,161,163,203,205,175,184,253,269,137,156,214,216,201,214,000,000,095,095
IMLS3_MP1_IMLS301_G01,10,156,161,215,219,175,175,269,269,137,141,214,214,212,214,000,000,095,095
IMLS3_MP1_IMLS302_G02,10,161,164,205,207,175,175,000,000,137,149,214,245,206,211,223,223,095,095
IMLS3_MP1_IMLS303_G03,10,169,171,201,203,175,178,251,257,141,147,214,216,197,208,223,223,095,095
IMLS3_MP1_IMLS304_G04,10,156,158,201,207,169,181,245,247,141,141,214,216,211,211,223,223,095,095
IMLS3_MP1_IMLS305_G05,10,163,171,203,207,175,175,245,257,137,141,214,214,208,211,223,223,095,095
IMLS3_MP1_IMLS306_G06,10,156,161,201,207,178,181,000,000,139,149,214,216,202,202,223,225,095,095
IMLS3_MP1_IMLS307_G07,10,161,161,207,207,175,178,257,265,137,137,000,000,206,208,215,223,095,095
IMLS3_MP1_IMLS308_G08,11,161,161,201,209,178,178,245,245,141,149,216,216,202,202,000,000,095,095
IMLS3_MP1_IMLS309_G09,11,161,161,201,209,175,178,249,257,137,141,216,216,202,220,223,223,095,095
IMLS3_MP1_IMLS310_G10,11,158,161,201,207,178,184,245,249,141,149,216,216,202,210,223,223,095,095
IMLS3_MP1_IMLS311_G11,11,161,164,201,201,178,178,233,245,139,141,214,216,202,211,223,223,095,095
IMLS3_MP1_IMLS312_G12,11,158,169,201,201,184,184,249,255,141,149,216,216,200,202,000,000,095,095
