IndividID,POPID,FIR039,FIR039,FIR013,FIR013,FIR048,FIR048,FIR043,FIR043,PIE039,PIE039,GOT037,GOT037,PIE200,PIE200,FIR035,FIR035,VIT081,VIT081,VIT086,VIT086,PIE125,PIE125,FIR028,FIR028
PM100,NC,118,120,140,140,208,210,122,134,185,188,244,254,110,113,148,148,107,107,201,201,153,159,204,204
PM101,NC,120,120,140,140,208,210,122,134,185,188,244,254,110,113,148,148,107,107,201,201,153,159,204,204
MR01,7MR,120,120,140,140,214,214,112,122,185,185,252,254,110,113,146,148,107,107,201,201,159,162,204,204
MR02,7MR,120,120,140,140,212,214,122,122,185,185,244,254,110,110,146,146,107,107,203,203,159,162,204,204
MR03,7MR,118,120,137,140,206,212,126,134,185,185,246,254,110,113,146,148,107,107,201,201,147,159,204,204
MR04,7MR,120,120,140,140,212,214,122,126,185,185,254,254,110,113,146,146,107,107,201,201,159,162,204,204
MR05,7MR,118,120,137,137,206,212,118,122,185,185,246,246,110,113,146,146,107,107,201,201,159,159,204,204
MR06,7MR,120,120,140,140,208,214,118,122,185,185,246,246,110,113,148,148,107,107,201,201,153,159,204,224
MR07,7MR,126,126,140,140,212,214,112,126,185,185,244,252,110,113,146,150,107,107,201,201,147,159,204,230
MR08,7MR,120,120,140,140,208,212,112,126,185,185,254,254,110,113,146,146,107,107,201,201,147,159,204,226
MR09,7MR,122,126,137,140,202,206,112,124,185,185,254,256,110,113,146,146,107,107,201,201,159,159,204,224
MR10,7MR,118,126,137,140,206,208,120,134,185,185,248,260,113,113,146,150,107,107,201,201,147,156,204,224
MR11,7MR,120,122,131,140,192,212,122,126,185,185,250,254,113,113,148,152,107,107,201,201,147,159,204,204
MR12,7MR,120,126,137,140,206,210,126,126,185,185,246,252,113,113,146,146,107,107,201,201,159,159,204,226
MR13,7MR,120,126,137,137,206,206,122,126,185,185,244,252,113,113,146,146,107,107,201,201,159,159,204,208
MR14,7MR,120,120,137,140,206,214,124,134,185,185,246,246,113,113,146,148,107,107,201,201,156,159,204,226
MR15,7MR,120,120,137,140,204,214,118,122,185,185,248,254,110,110,148,148,107,107,201,201,159,159,204,204
MR16,7MR,120,120,140,140,190,212,118,126,185,185,248,254,110,113,148,148,107,107,201,201,159,162,226,226
MR17,7MR,120,126,137,140,200,212,112,126,185,185,248,254,107,113,146,146,107,107,201,201,159,159,204,232
MR18,7MR,120,126,140,140,200,210,112,126,185,185,248,254,107,113,146,148,107,107,201,201,147,159,204,226
MR19,7MR,118,124,137,140,200,208,112,122,185,185,248,248,110,113,146,150,107,107,201,201,147,159,204,226
MR20,7MR,120,126,137,137,190,208,112,124,185,185,252,252,113,113,148,150,107,107,201,201,159,162,204,218
MR21,7MR,120,126,137,137,200,204,112,122,185,185,248,248,110,113,146,148,107,107,201,201,147,159,204,218
MR22,7MR,120,120,140,140,206,212,122,126,185,185,248,254,110,113,146,150,107,107,201,201,147,153,204,218
MR23,7MR,118,120,140,140,212,214,122,122,185,185,252,254,107,113,146,148,107,107,201,201,159,159,204,230
MR24,7MR,118,120,140,140,208,212,122,126,185,185,248,254,110,113,148,148,107,107,201,201,159,159,204,204
EDEN01,8Eden,124,124,140,140,0,0,122,134,170,173,246,246,113,113,146,148,107,107,201,201,159,162,222,222
EDEN02,8Eden,0,0,137,140,208,210,126,128,170,170,236,236,113,113,148,148,107,107,201,201,159,159,204,220
EDEN03,8Eden,124,124,137,140,208,210,126,126,170,173,248,248,113,113,148,148,107,107,201,201,159,159,222,224
EDEN05,8Eden,124,124,137,140,208,212,120,122,170,176,246,246,113,113,148,148,107,107,201,201,162,162,204,220
EDEN06,8Eden,122,124,137,140,206,210,120,136,170,176,246,262,110,113,148,148,107,107,201,201,156,159,204,204
EDEN07,8Eden,120,124,137,143,194,210,116,122,170,176,236,246,110,110,146,148,107,107,201,201,159,159,204,204
EDEN09,8Eden,120,126,140,143,200,210,120,128,170,176,236,248,113,113,148,148,107,107,201,201,147,159,216,216
EDEN10,8Eden,120,124,137,140,210,210,122,128,170,176,236,246,0,0,148,148,107,111,201,201,159,162,0,0
EDEN11,8Eden,124,124,0,0,210,212,130,134,170,176,246,246,110,110,148,148,107,107,203,203,159,162,204,204
EDEN13,8Eden,120,120,140,140,210,210,116,116,170,170,246,246,113,113,146,148,107,107,201,203,159,165,204,220
EDEN14,8Eden,120,120,140,143,212,220,116,118,170,176,246,246,113,113,148,148,107,107,201,201,159,165,204,204
EDEN15,8Eden,118,120,137,140,204,212,130,134,170,176,246,246,110,113,148,148,107,107,201,201,159,162,204,220
EDEN17,8Eden,120,124,140,140,204,210,124,134,170,176,248,248,113,113,148,148,107,107,201,201,153,159,204,220
EDEN18,8Eden,118,120,137,140,204,210,116,136,170,170,246,246,110,113,148,148,107,107,201,201,159,159,204,204
Eden19,8Eden,120,126,137,140,206,206,122,134,185,185,244,244,110,110,148,148,107,107,201,201,159,159,204,224
EDEN20,8Eden,124,126,140,143,204,210,120,128,170,176,236,246,113,113,148,148,107,107,201,201,147,159,216,220
EDEN22,8Eden,122,126,140,140,204,206,120,120,170,176,246,254,110,113,146,148,107,107,201,201,159,162,204,204
EDEN23,8Eden,124,126,0,0,204,210,118,118,170,176,246,262,107,110,148,148,107,107,201,201,159,162,204,222
EDEN24,8Eden,120,124,137,137,200,204,120,128,170,170,246,248,107,113,148,148,107,107,201,201,159,159,220,220
EDEN26,8Eden,0,0,137,137,204,212,116,130,170,176,246,248,113,113,146,148,107,107,201,201,153,159,220,220
EDEN27,8Eden,0,0,137,140,204,206,120,124,170,176,248,250,110,113,146,148,107,107,201,201,159,162,204,220
EDEN28,8Eden,120,124,140,140,204,210,116,128,170,170,232,246,113,113,146,148,107,107,201,201,153,159,204,204
EDEN30,8Eden,120,126,140,143,200,210,128,128,170,170,246,246,110,113,148,148,107,107,199,201,159,165,204,220
EDEN31,8Eden,120,124,140,140,204,212,118,128,170,176,246,246,113,113,148,148,107,107,201,201,159,165,220,230
EDEN32,8Eden,118,120,137,140,204,212,128,128,170,170,246,246,110,113,146,148,107,107,201,201,147,165,206,230
Pen01,6Pen,120,122,140,143,202,202,122,130,185,185,244,254,110,113,146,148,107,107,201,201,159,159,204,204
Pen02,6Pen,122,122,137,143,202,202,122,130,185,185,244,258,110,113,148,148,107,107,203,203,159,159,204,204
Pen03,6Pen,122,128,137,137,202,208,116,134,185,185,260,260,110,113,148,148,107,107,201,201,159,159,204,204
Pen05,6Pen,118,122,140,140,202,202,116,122,185,188,244,244,107,113,148,148,107,111,201,203,159,159,204,204
Pen06,6Pen,118,118,137,140,208,208,116,116,185,185,244,250,107,113,148,148,107,111,203,203,159,159,204,204
Pen07,6Pen,118,122,140,140,202,208,126,130,185,185,244,250,110,113,146,148,111,111,201,203,159,159,204,204
Pen08,6Pen,122,122,137,140,200,210,122,134,185,185,246,262,0,0,146,148,107,107,201,201,159,159,204,204
Pen10,6Pen,118,122,140,140,202,202,126,126,185,185,244,250,113,113,146,148,107,107,0,0,147,159,204,204
Pen11,6Pen,120,124,140,140,208,208,116,130,185,185,246,248,107,113,148,148,111,111,0,0,153,159,204,210
Pen12,6Pen,120,120,140,140,202,202,122,122,185,185,252,254,110,113,146,148,107,111,201,203,159,159,204,204
Pen14,6Pen,118,120,137,143,202,212,116,124,185,185,244,248,110,110,148,148,111,111,201,201,159,159,204,204
Pen15,6Pen,118,120,140,143,202,208,122,126,185,185,244,244,113,113,148,148,107,111,201,201,159,159,204,204
Pen16,6Pen,118,122,137,140,202,212,120,122,185,194,252,252,110,113,148,148,107,107,201,201,159,159,204,204
PEN17,6Pen,118,122,137,140,204,206,122,134,185,191,244,260,110,113,146,148,107,107,201,201,153,159,204,222
Pen18,6Pen,118,122,140,143,202,202,122,126,185,185,244,254,110,113,146,148,107,107,203,203,159,159,204,204
Pen19,6Pen,118,120,137,137,210,210,116,124,185,185,244,250,110,113,146,148,107,107,201,201,159,159,204,204
Pen20,6Pen,122,122,137,137,202,210,116,130,185,185,250,250,110,113,148,148,107,107,201,201,159,159,204,210
Pen21,6Pen,118,118,137,140,202,212,116,122,185,185,250,250,110,113,148,148,107,107,0,0,159,159,204,204
Pen23,6Pen,120,122,140,140,202,202,122,130,185,185,244,244,107,113,148,148,107,107,203,203,159,159,204,204
Pen24,6Pen,120,122,140,140,202,212,124,130,185,185,244,258,110,113,146,148,107,111,201,201,159,159,204,204
Pen26,6Pen,118,124,137,137,200,206,116,124,185,185,244,248,107,113,148,148,107,115,201,203,159,159,204,204
Pen27,6Pen,120,124,137,143,200,202,130,130,185,185,244,244,107,113,148,148,107,111,201,201,153,159,204,220
Pen28,6Pen,122,126,137,140,194,202,122,122,185,188,244,252,107,113,148,148,107,111,201,201,147,159,204,220
Pen30,6Pen,118,120,140,140,202,202,122,122,185,185,244,254,110,113,146,148,107,107,201,203,147,159,204,204
Pen31,6Pen,122,122,140,140,202,202,122,122,185,185,244,254,110,110,146,148,107,107,201,201,147,159,204,204
Pen32,6Pen,120,122,137,140,202,202,116,126,185,185,244,254,107,113,148,148,107,107,201,201,159,159,204,204
CB01,9CB,120,124,0,0,198,210,116,126,170,170,246,262,110,113,148,148,107,107,201,201,156,159,204,222
CB02,9CB,120,124,137,143,208,210,124,124,173,173,246,246,110,110,148,148,107,111,201,201,156,159,204,204
CB03,9CB,120,126,137,137,196,208,122,126,167,173,236,246,110,110,148,148,107,107,201,201,156,159,204,226
CB05,9CB,126,126,137,137,202,210,118,120,170,176,236,246,113,113,146,148,107,107,201,201,156,159,204,220
CB06,9CB,120,120,140,140,188,204,124,134,176,176,250,262,113,113,146,148,107,111,201,203,153,159,206,206
CB07,9CB,120,126,137,137,202,210,122,130,170,173,246,250,113,113,146,148,107,107,201,203,156,159,204,224
CB09,9CB,120,124,137,140,204,212,124,136,170,170,250,262,113,113,146,146,107,107,201,201,156,159,204,206
CB10,9CB,120,126,140,140,202,212,122,130,167,170,236,250,113,113,146,148,107,107,201,203,156,159,204,204
CB11,9CB,120,126,137,140,188,210,120,122,167,170,236,246,113,113,146,148,107,107,201,205,159,159,204,224
CB13,9CB,120,122,137,137,194,202,116,136,170,176,236,250,107,113,146,148,107,107,203,203,153,159,204,204
CB14,9CB,120,124,140,140,188,200,122,130,167,173,250,250,113,113,148,148,107,107,201,203,159,159,204,204
CB15,9CB,120,120,140,140,204,212,124,124,167,170,250,250,113,113,148,148,111,111,201,201,156,165,204,206
CB18,9CB,120,126,137,140,202,212,118,122,167,170,262,262,113,113,148,148,107,107,201,203,156,159,204,204
CB19,9CB,120,126,140,140,188,212,120,122,170,176,236,262,107,113,146,146,107,111,201,201,156,159,204,206
CB20,9CB,0,0,137,137,0,0,122,134,167,173,236,246,113,113,146,148,107,107,201,203,159,159,204,204
CB21,9CB,120,120,137,140,188,212,120,136,176,176,236,250,113,113,146,148,107,111,201,203,153,153,204,206
CB22,9CB,0,0,137,140,202,212,0,0,173,173,246,262,113,113,146,146,107,107,203,205,162,162,204,206
CB24,9CB,120,120,137,140,188,210,108,108,170,176,236,236,113,113,146,148,107,111,201,201,159,159,204,204
CB25,9CB,120,120,137,140,204,206,0,0,170,176,236,248,113,113,146,148,107,107,201,201,156,159,204,204
CB26,9CB,120,120,140,140,188,210,0,0,173,176,236,246,113,113,146,148,107,107,201,203,159,159,204,204
CB28,9CB,120,126,137,137,210,212,0,0,167,170,236,250,113,113,146,148,107,107,201,203,159,159,204,206
CB30,9CB,120,120,137,140,200,212,0,0,170,173,246,246,110,113,148,148,107,107,201,203,159,159,206,222
CB31,9CB,120,120,137,140,204,210,0,0,167,170,250,256,113,113,148,148,107,107,201,201,159,159,226,226
CB32,9CB,120,124,137,140,210,212,0,0,167,173,246,246,113,113,148,148,107,107,201,201,159,159,204,206
DK01,5DK,120,126,134,137,204,208,118,124,170,170,236,236,107,113,146,148,107,111,201,201,147,159,204,204
DK02,5DK,120,126,137,140,0,0,118,124,167,170,236,246,110,113,148,148,107,111,199,201,159,159,204,220
DK03,5DK,120,122,137,140,204,206,120,124,170,170,246,256,110,113,148,148,107,107,201,201,159,159,204,220
DK05,5DK,120,120,140,143,204,206,128,128,170,170,236,246,110,113,146,148,107,107,201,201,159,162,204,222
DK06,5DK,120,120,140,143,206,212,124,126,170,170,246,246,113,113,146,148,107,107,201,201,159,159,204,204
DK07,5DK,0,0,0,0,190,210,130,132,170,170,0,0,113,113,146,148,107,107,201,201,159,159,204,224
DK09,5DK,120,120,137,140,208,212,120,122,170,170,246,246,113,113,148,148,107,107,201,201,153,159,204,220
DK10,5DK,120,120,0,0,0,0,122,130,0,0,246,246,113,113,148,148,107,111,201,201,159,159,204,204
DK11,5DK,122,122,137,143,196,212,126,130,170,170,246,246,113,113,148,148,107,107,201,201,159,162,204,204
DK13,5DK,120,122,137,140,206,206,120,132,170,170,246,246,113,113,148,148,107,107,201,201,153,159,204,224
DK14,5DK,120,120,137,143,204,214,120,120,170,170,236,246,110,113,146,148,107,107,201,201,159,165,204,204
DK15,5DK,118,120,140,143,190,214,120,130,170,170,236,246,110,110,148,148,107,107,201,201,147,153,204,204
DK17,5DK,120,122,137,140,196,212,122,122,170,170,246,256,113,113,146,148,107,107,201,201,147,159,220,220
DK18,5DK,120,120,137,140,206,210,120,130,170,170,246,256,110,110,148,148,107,107,201,201,159,159,224,224
DK19,5DK,122,122,137,140,202,204,122,134,185,188,234,252,110,110,148,148,107,107,201,201,159,162,204,204
DK20,5DK,120,126,137,140,196,206,122,122,170,176,236,246,107,113,148,148,107,107,201,201,162,165,204,220
DK22,5DK,120,120,140,143,204,212,118,118,0,0,246,256,110,110,148,148,107,107,201,201,159,159,204,204
DK23,5DK,118,120,137,140,204,204,120,130,170,173,246,246,110,113,148,148,107,107,201,201,153,159,220,220
DK24,5DK,120,120,137,140,204,212,120,124,170,173,246,250,113,113,148,148,107,107,201,203,153,159,204,226
DK25,5DK,120,122,137,140,206,220,118,126,170,170,246,256,110,110,148,148,107,107,201,201,159,159,220,220
DK26,5DK,118,120,137,140,200,212,130,130,170,176,236,246,113,113,148,148,107,107,201,201,153,156,204,204
DK29,5DK,120,122,140,140,208,212,130,130,170,176,246,246,110,110,148,148,107,111,201,201,153,159,204,204
DK30,5DK,122,126,140,143,0,0,130,130,170,170,0,0,110,113,146,148,107,107,201,201,153,159,204,204
DK31,5DK,120,122,137,143,200,214,120,130,170,170,246,256,113,113,148,148,107,107,201,201,159,162,204,204
DK32,5DK,120,126,137,143,206,210,124,130,170,170,246,256,113,113,148,148,107,107,201,201,159,162,204,220
CR01,4CR,120,120,137,140,206,212,122,134,185,185,0,0,110,113,148,148,107,107,201,201,153,159,204,204
CR03,4CR,122,122,140,140,206,210,122,134,185,191,236,246,110,113,148,148,107,111,201,201,159,159,204,204
CR05,4CR,120,126,137,140,206,210,122,134,185,188,236,236,110,113,148,148,107,107,201,201,159,165,204,206
CR06,4CR,120,124,137,140,204,204,122,134,185,188,244,250,107,113,148,148,107,107,201,203,159,159,204,206
CR07,4CR,120,126,137,140,198,212,122,134,185,191,244,244,107,113,148,148,107,107,201,201,153,159,204,206
CR09,4CR,122,122,137,137,212,212,122,134,185,185,250,250,107,113,148,148,107,107,201,203,159,159,204,206
CR10,4CR,120,122,137,143,200,212,122,134,185,188,244,250,110,113,146,148,107,107,201,201,159,159,204,204
CR11,4CR,120,126,137,140,192,212,122,134,188,191,248,248,110,113,148,148,107,107,201,203,153,159,204,206
CR12,4CR,120,122,137,137,210,212,118,122,185,185,234,246,107,113,148,148,107,107,201,201,159,159,204,206
CR14,4CR,120,122,140,140,206,216,122,134,185,191,246,246,110,113,148,148,107,107,201,203,147,159,204,220
CR15,4CR,120,120,137,137,192,212,122,134,185,185,246,246,110,110,148,148,107,107,201,203,159,159,204,204
CR16,4CR,120,126,140,140,206,210,122,134,185,188,236,244,107,113,148,148,107,107,201,201,159,159,204,204
CR18,4CR,122,122,140,140,200,212,122,134,185,191,236,244,110,113,148,148,107,111,201,201,159,159,204,204
CR19,4CR,120,120,137,140,206,212,122,134,185,185,236,246,107,113,148,148,107,107,201,201,159,159,204,204
CR20,4CR,120,122,137,140,210,212,122,134,185,188,236,244,107,113,146,148,107,107,201,201,159,165,204,206
CR21,4CR,122,122,137,140,204,206,122,134,185,185,236,250,113,113,146,148,107,107,201,201,159,159,204,204
CR22,4CR,118,120,137,140,204,206,122,134,185,185,244,254,107,113,148,148,107,107,201,203,159,165,204,204
CR23,4CR,120,122,137,140,206,210,122,134,185,185,236,248,113,113,148,148,107,107,201,203,153,159,204,204
CR24,4CR,122,124,140,140,198,210,122,134,185,185,236,254,110,110,148,148,111,111,201,201,159,159,204,204
CR26,4CR,120,120,140,140,198,212,122,128,185,185,236,236,107,113,148,148,107,107,201,201,153,159,204,204
CR27,4CR,120,124,140,140,198,210,122,134,185,191,236,244,110,113,148,148,107,107,201,203,159,159,204,204
CR28,4CR,120,126,137,140,192,206,122,134,188,191,248,248,107,113,146,148,107,107,203,203,153,159,204,204
CR30,4CR,122,124,137,137,192,206,122,134,185,191,244,244,107,113,148,148,107,107,201,203,153,159,204,204
CR31,4CR,120,126,134,140,204,212,122,128,185,185,236,250,107,113,146,146,107,107,201,201,159,159,204,206
SM01,2SM,120,120,140,140,190,200,122,134,185,185,246,252,110,110,146,148,107,111,201,201,159,159,204,220
SM02,2SM,122,124,137,140,200,210,120,134,185,185,0,0,110,110,148,148,107,107,201,201,159,159,204,204
SM04,2SM,118,122,140,140,204,208,122,134,185,191,246,246,110,110,146,148,107,111,201,201,156,159,204,206
SM05,2SM,116,116,134,134,198,204,122,134,185,185,244,244,0,0,146,148,107,107,201,203,156,159,204,204
SM06,2SM,118,120,140,140,208,212,126,134,185,185,240,240,110,113,148,148,107,107,201,201,159,159,204,204
SM07,2SM,120,120,140,140,206,208,134,134,185,185,240,246,110,113,148,148,107,111,201,201,159,159,204,204
SM09,2SM,120,120,137,140,204,210,126,134,185,191,244,246,110,113,148,148,107,111,201,201,159,159,204,204
SM10,2SM,120,126,137,140,204,210,126,134,185,191,244,248,113,113,148,148,107,111,201,201,159,159,204,218
SM11,2SM,120,120,140,140,200,210,120,134,185,185,248,248,110,110,148,148,107,111,201,201,159,159,204,204
SM12,2SM,124,126,140,140,206,206,122,134,185,185,244,246,110,113,146,148,107,111,201,201,159,159,220,226
SM13,2SM,120,124,137,140,206,210,132,136,185,191,248,248,110,113,146,148,107,107,201,201,159,159,204,220
SM14,2SM,118,120,137,140,206,212,134,134,185,185,248,248,0,0,148,148,107,107,201,201,159,165,204,204
SM15,2SM,120,124,140,140,210,210,120,126,185,185,240,248,113,113,148,148,107,107,201,201,153,159,204,204
SM16,2SM,120,120,137,137,200,214,122,122,185,185,248,248,110,113,146,148,107,107,201,201,159,159,204,220
SM17,2SM,120,120,137,140,204,210,116,134,185,185,244,248,107,113,146,148,107,111,201,201,147,159,204,222
SM19,2SM,126,126,140,143,214,214,112,126,185,185,0,0,113,113,146,146,107,107,201,201,0,0,0,0
SM21,2SM,120,120,140,140,206,214,120,128,185,185,248,248,107,113,148,148,107,111,203,203,159,159,204,220
SM22,2SM,120,122,140,140,202,206,120,130,185,185,244,244,110,113,146,148,107,107,201,201,156,159,204,220
SM23,2SM,0,0,140,140,204,210,122,122,185,185,248,248,110,113,148,148,107,107,201,201,159,165,204,204
SM24,2SM,118,120,137,137,208,208,116,120,185,191,240,244,113,113,146,148,107,111,201,201,156,159,204,206
SM27,2SM,120,120,137,137,204,206,122,132,185,191,248,248,113,113,146,148,107,107,201,203,159,159,222,232
SM28,2SM,120,124,137,137,204,212,122,134,185,185,248,248,107,113,148,148,107,107,201,201,153,153,204,220
SM29,2SM,118,124,137,140,204,206,118,128,185,191,244,246,110,113,148,148,107,107,201,201,159,159,204,204
SM30,2SM,120,120,140,140,204,208,120,128,185,185,244,248,110,113,146,148,107,107,201,201,159,159,204,204
SM31,2SM,118,120,140,140,208,216,120,134,185,185,240,244,110,113,146,148,107,111,199,201,156,159,204,204
SM32,2SM,120,126,137,137,200,208,122,122,185,191,244,250,110,113,148,148,107,111,201,203,159,159,204,204
am01,3AM,122,122,137,140,200,206,120,124,185,185,248,248,107,113,148,148,107,107,201,201,159,159,204,224
am02,3AM,120,124,137,140,200,204,120,122,185,185,254,254,107,113,146,148,107,107,201,201,153,153,204,220
am03,3AM,118,118,137,137,208,208,116,124,185,191,260,260,107,113,148,148,107,111,201,201,156,162,204,230
am05,3AM,120,122,140,140,202,212,120,122,185,185,244,256,110,113,146,146,107,107,201,201,153,159,204,210
am06,3AM,122,124,137,140,198,212,122,134,185,185,236,236,113,113,148,148,107,107,201,201,159,159,204,220
am07,3AM,118,120,137,140,208,210,124,124,185,188,246,254,110,113,146,148,107,107,201,201,156,159,204,222
am08,3AM,122,122,137,140,210,210,120,120,185,185,244,254,107,113,148,148,107,107,201,201,153,153,204,204
am09,3AM,118,120,137,140,204,210,126,134,185,188,254,254,107,113,146,148,107,107,201,201,153,159,204,222
am10,3AM,0,0,137,140,0,0,126,126,0,0,246,246,110,110,148,148,107,107,201,203,156,156,0,0
am11,3AM,124,124,137,140,212,218,116,132,185,185,0,0,110,110,148,148,107,107,201,201,156,159,204,204
am12,3AM,120,122,137,137,202,210,116,128,185,191,248,248,107,113,146,152,107,111,201,201,156,165,204,204
am14,3AM,120,126,137,140,202,208,120,128,185,191,0,0,107,110,146,148,107,111,201,203,153,159,206,206
am15,3AM,122,122,140,140,192,206,122,128,185,191,244,244,107,113,146,146,107,111,201,201,159,159,204,204
am16,3AM,120,122,137,137,212,212,118,126,185,185,248,248,110,113,146,150,107,111,201,201,156,159,204,206
am18,3AM,120,120,140,140,204,210,126,134,185,185,244,246,107,113,148,148,107,111,201,201,159,159,204,222
am19,3AM,120,120,140,140,202,216,124,126,185,188,254,254,107,110,148,148,107,107,201,201,153,159,210,220
am20,3AM,120,122,140,140,208,208,124,130,0,0,250,250,107,110,148,148,107,107,201,201,159,165,206,206
am21,3AM,0,0,137,140,208,208,124,140,185,185,246,246,110,113,148,148,107,107,201,201,153,159,204,210
am22,3AM,120,122,140,140,208,208,124,130,185,185,248,254,110,110,148,148,107,107,201,201,156,159,206,206
am23,3AM,120,122,140,140,206,208,130,134,185,191,248,254,110,110,148,148,107,107,201,201,156,159,206,206
am24,3AM,120,124,140,140,196,208,116,124,185,185,248,248,113,113,148,148,107,107,201,201,153,159,204,204
am26,3AM,120,120,140,140,204,206,122,134,185,185,244,244,107,113,146,148,107,107,201,201,159,159,204,216
am27,3AM,118,120,140,140,204,210,128,132,185,191,246,246,110,113,148,148,107,111,201,201,159,159,210,220
am28,3AM,118,120,140,140,208,210,128,130,185,188,246,246,113,113,148,148,107,107,201,201,159,162,210,210
am29,3AM,122,122,137,140,206,210,128,128,185,191,246,248,107,113,148,148,107,107,201,203,153,159,208,230
WG01,1WG,0,0,0,0,192,212,122,132,167,170,236,254,113,113,146,148,0,0,201,201,153,153,204,220
WG02,1WG,120,126,137,140,200,204,130,134,170,170,236,246,113,113,146,148,107,107,199,203,147,156,204,204
WG03,1WG,120,126,137,140,200,204,122,122,170,170,236,236,113,113,148,148,107,107,199,203,147,153,204,224
WG05,1WG,120,120,137,140,206,212,122,122,170,170,0,0,110,113,148,148,107,107,201,201,159,159,204,204
WG06,1WG,120,122,137,140,204,212,122,130,170,170,236,246,110,110,148,148,107,107,199,201,159,159,204,204
WG07,1WG,120,122,137,140,204,212,116,120,170,170,236,246,110,113,148,148,107,107,199,203,153,159,204,204
WG08,1WG,120,120,137,137,204,204,122,126,170,170,236,250,110,113,146,148,107,107,201,203,147,153,204,204
WG10,1WG,0,0,140,140,202,202,124,132,170,170,236,254,113,113,148,148,107,107,201,201,162,162,204,204
WG11,1WG,0,124,137,140,0,0,122,126,170,176,236,236,113,113,148,148,107,107,201,201,153,159,206,220
WG12,1WG,120,122,137,140,202,204,124,130,170,173,236,236,113,113,148,148,107,111,201,203,147,159,204,220
WG13,1WG,122,122,137,137,198,204,122,138,170,170,250,250,113,113,148,148,107,107,201,201,159,159,204,220
WG15,1WG,120,122,140,140,210,210,128,128,170,173,246,246,110,110,148,148,107,107,201,203,159,162,204,210
WG16,1WG,122,122,140,140,202,206,122,126,170,176,0,0,113,113,148,148,107,107,201,201,156,159,204,220
WG17,1WG,120,124,137,137,204,212,130,138,170,170,246,246,113,113,148,148,107,107,201,203,153,153,204,204
WG19,1WG,120,120,137,140,198,210,122,130,170,170,246,250,110,113,148,148,107,107,201,201,153,159,204,204
WG20,1WG,120,124,137,140,204,210,128,128,170,170,246,246,113,113,148,148,107,107,201,201,153,159,204,204
WG21,1WG,120,122,137,137,206,212,124,130,170,170,236,236,113,113,148,148,107,107,201,203,147,159,204,204
WG23,1WG,0,0,137,140,0,0,122,130,170,173,236,250,113,113,148,148,107,107,201,201,159,159,204,204
WG24,1WG,0,0,137,140,206,210,120,130,170,176,236,254,110,113,146,148,107,107,199,201,156,159,204,204
WG26,1WG,122,122,137,140,204,206,116,126,170,170,246,254,110,113,148,148,107,107,199,201,153,159,204,224
WG27,1WG,120,126,137,140,204,212,132,138,170,170,250,250,113,113,146,148,107,107,201,203,159,159,204,220
WG28,1WG,120,122,140,140,198,212,122,126,167,170,246,254,110,113,148,148,107,107,201,201,153,159,220,220
WG30,1WG,124,126,140,140,202,204,130,132,167,170,236,250,113,113,148,148,107,107,201,201,159,159,206,206
WG32,1WG,120,120,137,140,204,212,122,128,167,170,236,254,113,113,148,148,107,107,201,201,159,159,224,226
WGHerb,1WG,118,122,137,140,202,206,122,134,185,188,248,248,110,110,146,148,107,111,201,203,159,159,204,204
